Accuracy,Precision,Recall,F1 Score,Best Threshold
0.9619047619047619,0.9946784922394678,0.9968888888888889,0.9957824639289679,0.5333333333333333
